Workbook

Sheet Total Salary
B4: Player Value vs Salary for GSW Players in 2021-22 Season
B5: Player | C5: Real Salary | D5: Position | E5: Adj. Regular Season MRP | F5: Adj. Playoffs Season MRP | G5: Overpaid (Underpaid) | H5: Player Value
B6: Andrew Wiggins | C6: 31579390 | D6: F | E6: ='Regular Season'!D182 -> 8471307.8 | F6: ='Playoffs Season'!D182 -> 5497113.7 | G6: =C6-(E6+F6) -> 17610968 | H6: =E6+F6 -> 13968422
B7: Draymond Green | C7: 24026712 | D7: F | E7: ='Regular Season'!D187 -> 6229187 | F7: ='Playoffs Season'!D187 -> 4979329.7 | G7: =C7-(E7+F7) -> 12818195 | H7: =E7+F7 -> 11208517
B8: Jonathan Kuminga | C8: 5466360 | D8: F | E8: ='Regular Season'!D190 -> 2169819.3 | F8: ='Playoffs Season'!D190 -> 821830.57 | G8: =C8-(E8+F8) -> 2474710.1 | H8: =E8+F8 -> 2991649.9
B9: Juan Toscano-Anderson | C9: 2089448 | D9: F | E9: ='Regular Season'!D192 -> 2564359.7 | F9: ='Playoffs Season'!D192 -> 918035.54 | G9: =C9-(E9+F9) -> -1392947.2 | H9: =E9+F9 -> 3482395.2
B10: Damion Lee | C10: 1910860 | D10: G | E10: ='Regular Season'!D188 -> 2205387.5 | F10: ='Playoffs Season'!D188 -> 758282.11 | G10: =C10-(E10+F10) -> -1052809.6 | H10: =E10+F10 -> 2963669.6
B11: Gary Payton II | C11: 1939350 | D11: G | E11: ='Regular Season'!D189 -> 7440295.6 | F11: ='Playoffs Season'!D189 -> 2804394.8 | G11: =C11-(E11+F11) -> -8305340.4 | H11: =E11+F11 -> 10244690
B12: Klay Thompson | C12: 37980720 | D12: G | E12: ='Regular Season'!D193 -> 3262485.1 | F12: ='Playoffs Season'!D193 -> 1316550.4 | G12: =C12-(E12+F12) -> 33401684 | H12: =E12+F12 -> 4579035.5
B13: Kevon Looney | C13: 5178572 | D13: PF | E13: ='Regular Season'!D185 -> 6298363.1 | F13: ='Playoffs Season'!D185 -> 3153726.4 | G13: =C13-(E13+F13) -> -4273517.6 | H13: =E13+F13 -> 9452089.6
B14: Nemanja Bjelica | C14: 2089448 | D14: PF | E14: ='Regular Season'!D191 -> 3756571.7 | F14: ='Playoffs Season'!D191 -> 984207.25 | G14: =C14-(E14+F14) -> -2651330.9 | H14: =E14+F14 -> 4740778.9
B15: Stephen Curry | C15: 45780966 | D15: PG | E15: ='Regular Season'!D184 -> 13751135 | F15: ='Playoffs Season'!D184 -> 5476906.9 | G15: =C15-(E15+F15) -> 26552924 | H15: =E15+F15 -> 19228042
B16: Chris Chiozza | C16: 0 | D16: PG | E16: ='Regular Season'!D196 -> 135927.86 | F16: ='Playoffs Season'!D196 -> 0 | G16: =C16-(E16+F16) -> -135927.86 | H16: =E16+F16 -> 135927.86
B17: Jeff Dowtin | C17: 0 | D17: PG | E17: ='Regular Season'!D198 -> 1340541.3 | F17: ='Playoffs Season'!D198 -> 0 | G17: =C17-(E17+F17) -> -1340541.3 | H17: =E17+F17 -> 1340541.3
B18: Otto Porter Jr. | C18: 2389641 | D18: SF | E18: ='Regular Season'!D186 -> 6314992.8 | F18: ='Playoffs Season'!D186 -> 3074871.9 | G18: =C18-(E18+F18) -> -7000223.7 | H18: =E18+F18 -> 9389864.7
B19: Andre Iguodala | C19: 2641691 | D19: SF | E19: ='Regular Season'!D195 -> 4118235.3 | F19: ='Playoffs Season'!D195 -> 944583.16 | G19: =C19-(E19+F19) -> -2421127.5 | H19: =E19+F19 -> 5062818.5
B20: Jordan Poole | C20: 2161440 | D20: SG | E20: ='Regular Season'!D183 -> 7732091.7 | F20: ='Playoffs Season'!D183 -> 2125952.8 | G20: =C20-(E20+F20) -> -7696604.5 | H20: =E20+F20 -> 9858044.5
B21: Moses Moody | C21: 3562080 | D21: SG | E21: ='Regular Season'!D194 -> 692917.37 | F21: ='Playoffs Season'!D194 -> 1208841.3 | G21: =C21-(E21+F21) -> 1660321.3 | H21: =E21+F21 -> 1901758.7
B22: Quinndary Weatherspoon | C22: 95930 | D22: SG | E22: ='Regular Season'!D197 -> 1013209 | F22: ='Playoffs Season'!D197 -> 0 | G22: =C22-(E22+F22) -> -917279.03 | H22: =E22+F22 -> 1013209

Sheet Regular Season
B2: Raw Player Data Per 36 Minutes
B3: Player | C3: G | D3: GS | E3: 3PA | F3: 2PA | G3: FTA | H3: TRB | I3: AST | J3: STL | K3: BLK | L3: TOV | M3: PF | N3: PTS
B4: Andrew Wiggins | C4: 73 | D4: 73 | E4: 6.2 | F4: 9.6 | G4: 3.6 | H4: 5 | I4: 2.5 | J4: 1.2 | K4: 0.8 | L4: 1.7 | M4: 2.4 | N4: 19.4
B5: Jordan Poole | C5: 76 | D5: 51 | E5: 9.1 | F5: 7.5 | G5: 4.2 | H5: 4.1 | I5: 4.8 | J5: 0.9 | K5: 0.4 | L5: 2.9 | M5: 3.2 | N5: 22.2
B6: Stephen Curry | C6: 64 | D6: 64 | E6: 12.2 | F6: 7.7 | G6: 4.9 | H6: 5.5 | I6: 6.6 | J6: 1.4 | K6: 0.4 | L6: 3.4 | M6: 2.1 | N6: 26.5
B7: Kevon Looney | C7: 82 | D7: 80 | E7: 0 | F7: 7.5 | G7: 2.6 | H7: 12.4 | I7: 3.4 | J7: 1 | K7: 1.1 | L7: 1.4 | M7: 4.5 | N7: 10.2
B8: Otto Porter Jr. | C8: 63 | D8: 15 | E8: 5.6 | F8: 5.2 | G8: 1.6 | H8: 9.3 | I8: 2.4 | J8: 1.8 | K8: 0.7 | L8: 1 | M8: 2.1 | N8: 13.3
B9: Draymond Green | C9: 46 | D9: 44 | E9: 1.5 | F9: 5.5 | G9: 2.5 | H9: 9.1 | I9: 8.7 | J9: 1.7 | K9: 1.4 | L9: 3.8 | M9: 3.7 | N9: 9.4
B10: Damion Lee | C10: 63 | D10: 5 | E10: 5.4 | F10: 5.6 | G10: 2.1 | H10: 5.8 | I10: 1.8 | J10: 1.1 | K10: 0.2 | L10: 1.1 | M10: 2.7 | N10: 13.4
B11: Gary Payton II | C11: 71 | D11: 16 | E11: 3.5 | F11: 6.5 | G11: 1.7 | H11: 7.1 | I11: 1.8 | J11: 2.8 | K11: 0.6 | L11: 1.2 | M11: 3.8 | N11: 14.5
B12: Jonathan Kuminga | C12: 70 | D12: 12 | E12: 4.5 | F12: 9.4 | G12: 5.8 | H12: 7.1 | I12: 1.9 | J12: 0.9 | K12: 0.7 | L12: 2.2 | M12: 4.4 | N12: 19.8
B13: Nemanja Bjelica | C13: 71 | D13: 0 | E13: 4.7 | F13: 6.1 | G13: 2.6 | H13: 9.3 | I13: 5 | J13: 1.3 | K13: 0.8 | L13: 2.7 | M13: 4 | N13: 13.6
B14: Juan Toscano-Anderson | C14: 73 | D14: 6 | E14: 3.2 | F14: 5.4 | G14: 2.5 | H14: 6.4 | I14: 4.6 | J14: 1.7 | K14: 0.6 | L14: 2.5 | M14: 4.2 | N14: 10.8
B15: Klay Thompson | C15: 32 | D15: 32 | E15: 11.3 | F15: 10.6 | G15: 2 | H15: 4.8 | I15: 3.4 | J15: 0.6 | K15: 0.7 | L15: 1.6 | M15: 2.1 | N15: 24.9
... B20: Jeff Dowtin | C20: 4 | D20: 0 | E20: 1.3 | F20: 6.4 | G20: 0 | H20: 9 | I20: 3.9 | J20: 0 | K20: 1.3 | L20: 1.3 | M20: 2.6 | N20: 7.7
B22: Coefficients | C22: (GS/G)^2 | D22: PTS/36 | E22: TRB/36 | F22: AST/36 | G22: STL/36 | H22: BLK/36 | I22: TOV/36 | J22: PF/36 | K22: FTA/36 | L22: 2PA/36 | M22: 3PA/36 | N22: Intercept
B23: OPI Box | C23: 0.632 | D23: 1.144 | E23: 0.143 | F23: 0.705 | G23: 0.597 | H23: -0.013 | I23: -1.695 | J23: -0.059 | K23: -0.308 | L23: -0.91 | M23: -0.612 | N23: -5.621
B24: DPI Box | C24: 1.924 | D24: 0.049 | E24: 0.259 | F24: 0.192 | G24: 1.694 | H24: 1.393 | I24: -0.874 | J24: 0.251 | K24: 0.055 | L24: -0.191 | M24: -0.138 | N24: -3.521
B26: Sorted Player Data Per 36 Minutes
B27: Player | C27: (GS/G)^2 | D27: PTS/36 | E27: TRB/36 | F27: AST/36 | G27: STL/36 | H27: BLK/36 | I27: TOV/36 | J27: PF/36 | K27: FTA/36 | L27: 2PA/36 | M27: 3PA/36 | N27: Intercept
B28: Andrew Wiggins | C28: =(D4/C4)^2 -> 1 | D28: =N4 -> 19.4 | E28: =H4 -> 5 | F28: =I4 -> 2.5 | G28: =J4 -> 1.2 | H28: =K4 -> 0.8 | I28: =L4 -> 1.7 | J28: =M4 -> 2.4 | K28: =G4 -> 3.6 | L28: =F4 -> 9.6 | M28: =E4 -> 6.2 | N28: 1
B29: Jordan Poole | C29: =(D5/C5)^2 -> 0.45031163 | D29: =N5 -> 22.2 | E29: =H5 -> 4.1 | F29: =I5 -> 4.8 | G29: =J5 -> 0.9 | H29: =K5 -> 0.4 | I29: =L5 -> 2.9 | J29: =M5 -> 3.2 | K29: =G5 -> 4.2 | L29: =F5 -> 7.5 | M29: =E5 -> 9.1 | N29: 1
B30: Stephen Curry | C30: =(D6/C6)^2 -> 1 | D30: =N6 -> 26.5 | E30: =H6 -> 5.5 | F30: =I6 -> 6.6 | G30: =J6 -> 1.4 | H30: =K6 -> 0.4 | I30: =L6 -> 3.4 | J30: =M6 -> 2.1 | K30: =G6 -> 4.9 | L30: =F6 -> 7.7 | M30: =E6 -> 12.2 | N30: 1
B31: Kevon Looney | C31: =(D7/C7)^2 -> 0.9518144 | D31: =N7 -> 10.2 | E31: =H7 -> 12.4 | F31: =I7 -> 3.4 | G31: =J7 -> 1 | H31: =K7 -> 1.1 | I31: =L7 -> 1.4 | J31: =M7 -> 4.5 | K31: =G7 -> 2.6 | L31: =F7 -> 7.5 | M31: =E7 -> 0 | N31: 1
B32: Otto Porter Jr. | C32: =(D8/C8)^2 -> 0.056689342 | D32: =N8 -> 13.3 | E32: =H8 -> 9.3 | F32: =I8 -> 2.4 | G32: =J8 -> 1.8 | H32: =K8 -> 0.7 | I32: =L8 -> 1 | J32: =M8 -> 2.1 | K32: =G8 -> 1.6 | L32: =F8 -> 5.2 | M32: =E8 -> 5.6 | N32: 1
B33: Draymond Green | C33: =(D9/C9)^2 -> 0.91493384 | D33: =N9 -> 9.4 | E33: =H9 -> 9.1 | F33: =I9 -> 8.7 | G33: =J9 -> 1.7 | H33: =K9 -> 1.4 | I33: =L9 -> 3.8 | J33: =M9 -> 3.7 | K33: =G9 -> 2.5 | L33: =F9 -> 5.5 | M33: =E9 -> 1.5 | N33: 1
B34: Damion Lee | C34: =(D10/C10)^2 -> 0.0062988158 | D34: =N10 -> 13.4 | E34: =H10 -> 5.8 | F34: =I10 -> 1.8 | G34: =J10 -> 1.1 | H34: =K10 -> 0.2 | I34: =L10 -> 1.1 | J34: =M10 -> 2.7 | K34: =G10 -> 2.1 | L34: =F10 -> 5.6 | M34: =E10 -> 5.4 | N34: 1
B35: Gary Payton II | C35: =(D11/C11)^2 -> 0.050783575 | D35: =N11 -> 14.5 | E35: =H11 -> 7.1 | F35: =I11 -> 1.8 | G35: =J11 -> 2.8 | H35: =K11 -> 0.6 | I35: =L11 -> 1.2 | J35: =M11 -> 3.8 | K35: =G11 -> 1.7 | L35: =F11 -> 6.5 | M35: =E11 -> 3.5 | N35: 1
B36: Jonathan Kuminga | C36: =(D12/C12)^2 -> 0.029387755 | D36: =N12 -> 19.8 | E36: =H12 -> 7.1 | F36: =I12 -> 1.9 | G36: =J12 -> 0.9 | H36: =K12 -> 0.7 | I36: =L12 -> 2.2 | J36: =M12 -> 4.4 | K36: =G12 -> 5.8 | L36: =F12 -> 9.4 | M36: =E12 -> 4.5 | N36: 1
B37: Nemanja Bjelica | C37: =(D13/C13)^2 -> 0 | D37: =N13 -> 13.6 | E37: =H13 -> 9.3 | F37: =I13 -> 5 | G37: =J13 -> 1.3 | H37: =K13 -> 0.8 | I37: =L13 -> 2.7 | J37: =M13 -> 4 | K37: =G13 -> 2.6 | L37: =F13 -> 6.1 | M37: =E13 -> 4.7 | N37: 1
B38: Juan Toscano-Anderson | C38: =(D14/C14)^2 -> 0.0067554888 | D38: =N14 -> 10.8 | E38: =H14 -> 6.4 | F38: =I14 -> 4.6 | G38: =J14 -> 1.7 | H38: =K14 -> 0.6 | I38: =L14 -> 2.5 | J38: =M14 -> 4.2 | K38: =G14 -> 2.5 | L38: =F14 -> 5.4 | M38: =E14 -> 3.2 | N38: 1
B39: Klay Thompson | C39: =(D15/C15)^2 -> 1 | D39: =N15 -> 24.9 | E39: =H15 -> 4.8 | F39: =I15 -> 3.4 | G39: =J15 -> 0.6 | H39: =K15 -> 0.7 | I39: =L15 -> 1.6 | J39: =M15 -> 2.1 | K39: =G15 -> 2 | L39: =F15 -> 10.6 | M39: =E15 -> 11.3 | N39: 1
... B44: Jeff Dowtin | C44: =(D20/C20)^2 -> 0 | D44: =N20 -> 7.7 | E44: =H20 -> 9 | F44: =I20 -> 3.9 | G44: =J20 -> 0 | H44: =K20 -> 1.3 | I44: =L20 -> 1.3 | J44: =M20 -> 2.6 | K44: =G20 -> 0 | L44: =F20 -> 6.4 | M44: =E20 -> 1.3 | N44: 1
B46: O-PIPM Box
B47: Player | C47: (GS/G)^2 | D47: PTS/36 | E47: TRB/36 | F47: AST/36 | G47: STL/36 | H47: BLK/36 | I47: TOV/36 | J47: PF/36 | K47: FTA/36 | L47: 2PA/36 | M47: 3PA/36 | N47: Intercept | O47: O-PIPM Box Measures
B48: Andrew Wiggins | C48: =C$23*C28 -> 0.632 | D48: =D$23*D28 -> 22.1936 | E48: =E$23*E28 -> 0.715 | F48: =F$23*F28 -> 1.7625 | G48: =G$23*G28 -> 0.7164 | H48: =H$23*H28 -> -0.0104 | I48: =I$23*I28 -> -2.8815 | J48: =J$23*J28 -> -0.1416 | ... N48: =N$23*N28 -> -5.621 | O48: =SUM(C48:N48) -> 3.7258
B49: Jordan Poole | C49: =C$23*C29 -> 0.28459695 | D49: =D$23*D29 -> 25.3968 | E49: =E$23*E29 -> 0.5863 | F49: =F$23*F29 -> 3.384 | G49: =G$23*G29 -> 0.5373 | H49: =H$23*H29 -> -0.0052 | I49: =I$23*I29 -> -4.9155 | J49: =J$23*J29 -> -0.1888 | ... N49: =N$23*N29 -> -5.621 | O49: =SUM(C49:N49) -> 5.770697
B50: Stephen Curry | C50: =C$23*C30 -> 0.632 | D50: =D$23*D30 -> 30.316 | E50: =E$23*E30 -> 0.7865 | F50: =F$23*F30 -> 4.653 | G50: =G$23*G30 -> 0.8358 | H50: =H$23*H30 -> -0.0052 | I50: =I$23*I30 -> -5.763 | J50: =J$23*J30 -> -0.1239 | ... N50: =N$23*N30 -> -5.621 | O50: =SUM(C50:N50) -> 9.7276
B51: Kevon Looney | C51: =C$23*C31 -> 0.6015467 | D51: =D$23*D31 -> 11.6688 | E51: =E$23*E31 -> 1.7732 | F51: =F$23*F31 -> 2.397 | G51: =G$23*G31 -> 0.597 | H51: =H$23*H31 -> -0.0143 | I51: =I$23*I31 -> -2.373 | J51: =J$23*J31 -> -0.2655 | ... N51: =N$23*N31 -> -5.621 | O51: =SUM(C51:N51) -> 1.1379467
B52: Otto Porter Jr. | C52: =C$23*C32 -> 0.035827664 | D52: =D$23*D32 -> 15.2152 | E52: =E$23*E32 -> 1.3299 | F52: =F$23*F32 -> 1.692 | G52: =G$23*G32 -> 1.0746 | H52: =H$23*H32 -> -0.0091 | I52: =I$23*I32 -> -1.695 | J52: =J$23*J32 -> -0.1239 | ... N52: =N$23*N32 -> -5.621 | O52: =SUM(C52:N52) -> 3.2465277
B53: Draymond Green | C53: =C$23*C33 -> 0.57823819 | D53: =D$23*D33 -> 10.7536 | E53: =E$23*E33 -> 1.3013 | F53: =F$23*F33 -> 6.1335 | G53: =G$23*G33 -> 1.0149 | H53: =H$23*H33 -> -0.0182 | I53: =I$23*I33 -> -6.441 | J53: =J$23*J33 -> -0.2183 | ... N53: =N$23*N33 -> -5.621 | O53: =SUM(C53:N53) -> 0.79003819
B54: Damion Lee | C54: =C$23*C34 -> 0.0039808516 | D54: =D$23*D34 -> 15.3296 | E54: =E$23*E34 -> 0.8294 | F54: =F$23*F34 -> 1.269 | G54: =G$23*G34 -> 0.6567 | H54: =H$23*H34 -> -0.0026 | I54: =I$23*I34 -> -1.8645 | J54: =J$23*J34 -> -0.1593 | ... N54: =N$23*N34 -> -5.621 | O54: =SUM(C54:N54) -> 1.3936809
B55: Gary Payton II | C55: =C$23*C35 -> 0.032095219 | D55: =D$23*D35 -> 16.588 | E55: =E$23*E35 -> 1.0153 | F55: =F$23*F35 -> 1.269 | G55: =G$23*G35 -> 1.6716 | H55: =H$23*H35 -> -0.0078 | I55: =I$23*I35 -> -2.034 | J55: =J$23*J35 -> -0.2242 | ... N55: =N$23*N35 -> -5.621 | O55: =SUM(C55:N55) -> 4.1083952
B56: Jonathan Kuminga | C56: =C$23*C36 -> 0.018573061 | D56: =D$23*D36 -> 22.6512 | E56: =E$23*E36 -> 1.0153 | F56: =F$23*F36 -> 1.3395 | G56: =G$23*G36 -> 0.5373 | H56: =H$23*H36 -> -0.0091 | I56: =I$23*I36 -> -3.729 | J56: =J$23*J36 -> -0.2596 | ... N56: =N$23*N36 -> -5.621 | O56: =SUM(C56:N56) -> 2.8487731
B57: Nemanja Bjelica | C57: =C$23*C37 -> 0 | D57: =D$23*D37 -> 15.5584 | E57: =E$23*E37 -> 1.3299 | F57: =F$23*F37 -> 3.525 | G57: =G$23*G37 -> 0.7761 | H57: =H$23*H37 -> -0.0104 | I57: =I$23*I37 -> -4.5765 | J57: =J$23*J37 -> -0.236 | ... N57: =N$23*N37 -> -5.621 | O57: =SUM(C57:N57) -> 1.5173
B58: Juan Toscano-Anderson | C58: =C$23*C38 -> 0.0042694689 | D58: =D$23*D38 -> 12.3552 | E58: =E$23*E38 -> 0.9152 | F58: =F$23*F38 -> 3.243 | G58: =G$23*G38 -> 1.0149 | H58: =H$23*H38 -> -0.0078 | I58: =I$23*I38 -> -4.2375 | J58: =J$23*J38 -> -0.2478 | ... N58: =N$23*N38 -> -5.621 | O58: =SUM(C58:N58) -> -0.22393053
B59: Klay Thompson | C59: =C$23*C39 -> 0.632 | D59: =D$23*D39 -> 28.4856 | E59: =E$23*E39 -> 0.6864 | F59: =F$23*F39 -> 2.397 | G59: =G$23*G39 -> 0.3582 | H59: =H$23*H39 -> -0.0091 | I59: =I$23*I39 -> -2.712 | J59: =J$23*J39 -> -0.1239 | ... N59: =N$23*N39 -> -5.621 | O59: =SUM(C59:N59) -> 6.9156
... B64: Jeff Dowtin | C64: =C$23*C44 -> 0 | D64: =D$23*D44 -> 8.8088 | E64: =E$23*E44 -> 1.287 | F64: =F$23*F44 -> 2.7495 | G64: =G$23*G44 -> 0 | H64: =H$23*H44 -> -0.0169 | I64: =I$23*I44 -> -2.2035 | J64: =J$23*J44 -> -0.1534 | ... N64: =N$23*N44 -> -5.621 | O64: =SUM(C64:N64) -> -1.7691
B66: D-PIPM Box
B67: Player | C67: (GS/G)^2 | D67: PTS/36 | E67: TRB/36 | F67: AST/36 | G67: STL/36 | H67: BLK/36 | I67: TOV/36 | J67: PF/36 | K67: FTA/36 | L67: 2PA/36 | M67: 3PA/36 | N67: Intercept | O67: D-PIPM Box Total
B68: Andrew Wiggins | C68: =C$24*C28 -> 1.924 | D68: =D$24*D28 -> 0.9506 | E68: =E$24*E28 -> 1.295 | F68: =F$24*F28 -> 0.48 | G68: =G$24*G28 -> 2.0328 | H68: =H$24*H28 -> 1.1144 | I68: =I$24*I28 -> -1.4858 | J68: =J$24*J28 -> 0.6024 | ... N68: =N$24*N28 -> -3.521 | O68: =SUM(C68:N68) -> 0.9012
B69: Jordan Poole | C69: =C$24*C29 -> 0.86639958 | D69: =D$24*D29 -> 1.0878 | E69: =E$24*E29 -> 1.0619 | F69: =F$24*F29 -> 0.9216 | G69: =G$24*G29 -> 1.5246 | H69: =H$24*H29 -> 0.5572 | I69: =I$24*I29 -> -2.5346 | J69: =J$24*J29 -> 0.8032 | ... N69: =N$24*N29 -> -3.521 | O69: =SUM(C69:N69) -> -1.6902004
B70: Stephen Curry | C70: =C$24*C30 -> 1.924 | D70: =D$24*D30 -> 1.2985 | E70: =E$24*E30 -> 1.4245 | F70: =F$24*F30 -> 1.2672 | G70: =G$24*G30 -> 2.3716 | H70: =H$24*H30 -> 0.5572 | I70: =I$24*I30 -> -2.9716 | J70: =J$24*J30 -> 0.5271 | ... N70: =N$24*N30 -> -3.521 | O70: =SUM(C70:N70) -> -0.0073
B71: Kevon Looney | C71: =C$24*C31 -> 1.8312909 | D71: =D$24*D31 -> 0.4998 | E71: =E$24*E31 -> 3.2116 | F71: =F$24*F31 -> 0.6528 | G71: =G$24*G31 -> 1.694 | H71: =H$24*H31 -> 1.5323 | I71: =I$24*I31 -> -1.2236 | J71: =J$24*J31 -> 1.1295 | ... N71: =N$24*N31 -> -3.521 | O71: =SUM(C71:N71) -> 4.5171909
B72: Otto Porter Jr. | C72: =C$24*C32 -> 0.10907029 | D72: =D$24*D32 -> 0.6517 | E72: =E$24*E32 -> 2.4087 | F72: =F$24*F32 -> 0.4608 | G72: =G$24*G32 -> 3.0492 | H72: =H$24*H32 -> 0.9751 | I72: =I$24*I32 -> -0.874 | J72: =J$24*J32 -> 0.5271 | ... N72: =N$24*N32 -> -3.521 | O72: =SUM(C72:N72) -> 2.1086703
B73: Draymond Green | C73: =C$24*C33 -> 1.7603327 | D73: =D$24*D33 -> 0.4606 | E73: =E$24*E33 -> 2.3569 | F73: =F$24*F33 -> 1.6704 | G73: =G$24*G33 -> 2.8798 | H73: =H$24*H33 -> 1.9502 | I73: =I$24*I33 -> -3.3212 | J73: =J$24*J33 -> 0.9287 | ... N73: =N$24*N33 -> -3.521 | O73: =SUM(C73:N73) -> 4.0447327
B74: Damion Lee | C74: =C$24*C34 -> 0.012118922 | D74: =D$24*D34 -> 0.6566 | E74: =E$24*E34 -> 1.5022 | F74: =F$24*F34 -> 0.3456 | G74: =G$24*G34 -> 1.8634 | H74: =H$24*H34 -> 0.2786 | I74: =I$24*I34 -> -0.9614 | J74: =J$24*J34 -> 0.6777 | ... N74: =N$24*N34 -> -3.521 | O74: =SUM(C74:N74) -> -0.84548108
B75: Gary Payton II | C75: =C$24*C35 -> 0.097707598 | D75: =D$24*D35 -> 0.7105 | E75: =E$24*E35 -> 1.8389 | F75: =F$24*F35 -> 0.3456 | G75: =G$24*G35 -> 4.7432 | H75: =H$24*H35 -> 0.8358 | I75: =I$24*I35 -> -1.0488 | J75: =J$24*J35 -> 0.9538 | ... N75: =N$24*N35 -> -3.521 | O75: =SUM(C75:N75) -> 3.3247076
B76: Jonathan Kuminga | C76: =C$24*C36 -> 0.056542041 | D76: =D$24*D36 -> 0.9702 | E76: =E$24*E36 -> 1.8389 | F76: =F$24*F36 -> 0.3648 | G76: =G$24*G36 -> 1.5246 | H76: =H$24*H36 -> 0.9751 | I76: =I$24*I36 -> -1.9228 | J76: =J$24*J36 -> 1.1044 | ... N76: =N$24*N36 -> -3.521 | O76: =SUM(C76:N76) -> -0.70665796
B77: Nemanja Bjelica | C77: =C$24*C37 -> 0 | D77: =D$24*D37 -> 0.6664 | E77: =E$24*E37 -> 2.4087 | F77: =F$24*F37 -> 0.96 | G77: =G$24*G37 -> 2.2022 | H77: =H$24*H37 -> 1.1144 | I77: =I$24*I37 -> -2.3598 | J77: =J$24*J37 -> 1.004 | ... N77: =N$24*N37 -> -3.521 | O77: =SUM(C77:N77) -> 0.8042
B78: Juan Toscano-Anderson | C78: =C$24*C38 -> 0.012997561 | D78: =D$24*D38 -> 0.5292 | E78: =E$24*E38 -> 1.6576 | F78: =F$24*F38 -> 0.8832 | G78: =G$24*G38 -> 2.8798 | H78: =H$24*H38 -> 0.8358 | I78: =I$24*I38 -> -2.185 | J78: =J$24*J38 -> 1.0542 | ... N78: =N$24*N38 -> -3.521 | O78: =SUM(C78:N78) -> 0.81129756
B79: Klay Thompson | C79: =C$24*C39 -> 1.924 | D79: =D$24*D39 -> 1.2201 | E79: =E$24*E39 -> 1.2432 | F79: =F$24*F39 -> 0.6528 | G79: =G$24*G39 -> 1.0164 | H79: =H$24*H39 -> 0.9751 | I79: =I$24*I39 -> -1.3984 | J79: =J$24*J39 -> 0.5271 | ... N79: =N$24*N39 -> -3.521 | O79: =SUM(C79:N79) -> -0.8347
... B84: Jeff Dowtin | C84: =C$24*C44 -> 0 | D84: =D$24*D44 -> 0.3773 | E84: =E$24*E44 -> 2.331 | F84: =F$24*F44 -> 0.7488 | G84: =G$24*G44 -> 0 | H84: =H$24*H44 -> 1.8109 | I84: =I$24*I44 -> -1.1362 | J84: =J$24*J44 -> 0.6526 | ... N84: =N$24*N44 -> -3.521 | O84: =SUM(C84:N84) -> -0.1384
B87: PIPM Stat
B88: Player | C88: O-On/Off | D88: O-Box | E88: Ortg | F88: O-On court | G88: Constant | H88: D-On/Off | I88: D-Box | J88: Drtg | K88: D-On court | L88: Constant
B89: Andrew Wiggins | C89: -0.8 | D89: =O48 -> 3.7258 | E89: 113 | F89: =E89-$C$107 -> 1 | G89: 1 | H89: 1.2 | I89: =O68 -> 0.9012 | J89: 107.1 | K89: =$C$108-J89 -> 4.9 | L89: 1
B90: Jordan Poole | C90: 2.5 | D90: =O49 -> 5.770697 | E90: 114.4 | F90: =E90-$C$107 -> 2.4 | G90: 1 | H90: -1.1 | I90: =O69 -> -1.6902004 | J90: 108 | K90: =$C$108-J90 -> 4 | L90: 1
B91: Stephen Curry | C91: 5.8 | D91: =O50 -> 9.7276 | E91: 115.8 | F91: =E91-$C$107 -> 3.8 | G91: 1 | H91: 4.2 | I91: =O70 -> -0.0073 | J91: 105.7 | K91: =$C$108-J91 -> 6.3 | L91: 1
B92: Kevon Looney | C92: 4.1 | D92: =O51 -> 1.1379467 | E92: 115.6 | F92: =E92-$C$107 -> 3.6 | G92: 1 | H92: -3.4 | I92: =O71 -> 4.5171909 | J92: 109.5 | K92: =$C$108-J92 -> 2.5 | L92: 1
B93: Otto Porter Jr. | C93: -0.6 | D93: =O52 -> 3.2465277 | E93: 112.9 | F93: =E93-$C$107 -> 0.9 | G93: 1 | H93: 2.2 | I93: =O72 -> 2.1086703 | J93: 106.1 | K93: =$C$108-J93 -> 5.9 | L93: 1
B94: Draymond Green | C94: -3.1 | D94: =O53 -> 0.79003819 | E94: 111.3 | F94: =E94-$C$107 -> -0.7 | G94: 1 | H94: 4.3 | I94: =O73 -> 4.0447327 | J94: 104.7 | K94: =$C$108-J94 -> 7.3 | L94: 1
B95: Damion Lee | C95: -1.6 | D95: =O54 -> 1.3936809 | E95: 112.2 | F95: =E95-$C$107 -> 0.2 | G95: 1 | H95: -2.7 | I95: =O74 -> -0.84548108 | J95: 109.4 | K95: =$C$108-J95 -> 2.6 | L95: 1
B96: Gary Payton II | C96: 2 | D96: =O55 -> 4.1083952 | E96: 114.7 | F96: =E96-$C$107 -> 2.7 | G96: 1 | H96: 3.9 | I96: =O75 -> 3.3247076 | J96: 104.9 | K96: =$C$108-J96 -> 7.1 | L96: 1
B97: Jonathan Kuminga | C97: -1.2 | D97: =O56 -> 2.8487731 | E97: 112.5 | F97: =E97-$C$107 -> 0.5 | G97: 1 | H97: -4.1 | I97: =O76 -> -0.70665796 | J97: 110.4 | K97: =$C$108-J97 -> 1.6 | L97: 1
B98: Nemanja Bjelica | C98: -1.9 | D98: =O57 -> 1.5173 | E98: 112 | F98: =E98-$C$107 -> 0 | G98: 1 | H98: 0.6 | I98: =O77 -> 0.8042 | J98: 107.1 | K98: =$C$108-J98 -> 4.9 | L98: 1
B99: Juan Toscano-Anderson | C99: 1.3 | D99: =O58 -> -0.22393053 | E99: 114.3 | F99: =E99-$C$107 -> 2.3 | G99: 1 | H99: -2.7 | I99: =O78 -> 0.81129756 | J99: 109.6 | K99: =$C$108-J99 -> 2.4 | L99: 1
B100: Klay Thompson | C100: 1.2 | D100: =O59 -> 6.9156 | E100: 114.2 | F100: =E100-$C$107 -> 2.2 | G100: 1 | H100: -4 | I100: =O79 -> -0.8347 | J100: 110.6 | K100: =$C$108-J100 -> 1.4 | L100: 1
... B105: Jeff Dowtin | C105: 2.5 | D105: =O64 -> -1.7691 | E105: 115.8 | F105: =E105-$C$107 -> 3.8 | G105: 1 | H105: 0.8 | I105: =O84 -> -0.1384 | J105: 87.5 | K105: =$C$108-J105 -> 24.5 | L105: 1
B107: League Average of ORTG | C107: 112
B108: League Average of DRTG | C108: 112
B112: Coefficients | C112: O-On/Off | D112: O-Box | E112: O-On court | F112: Constant | I112: D-On/Off | J112: D-Box | K112: D-On court | L112: Constant
B113: Values | C113: 0.2471 | D113: 0.4789 | E113: 0.2054 | F113: -0.2918 | I113: 0.4275 | J113: 0.5031 | K113: 0.296 | L113: 0.005
B115: Stat x Coefficient
B116: Player | C116: O-On/Off | D116: O-Box | E116: O-On court | F116: Constant | G116: Total O-PIPM | I116: D-On/Off | J116: D-Box | K116: D-On court | L116: Constant | M116: Total D-PIPM | O116: Total PIPM
B117: Andrew Wiggins | C117: =C89*C$113 -> -0.19768 | D117: =D89*D$113 -> 1.7842856 | E117: =F89*E$113 -> 0.2054 | F117: =G89*F$113 -> -0.2918 | G117: =SUM(C117:F117) -> 1.5002056 | I117: =H89*I$113 -> 0.513 | J117: =I89*J$113 -> 0.45339372 | K117: =K89*K$113 -> 1.4504 | L117: =L89*L$113 -> 0.005 | M117: =SUM(I117:L117) -> 2.4217937 | O117: =G117+M117 -> 3.9219993
B118: Jordan Poole | C118: =C90*C$113 -> 0.61775 | D118: =D90*D$113 -> 2.7635868 | E118: =F90*E$113 -> 0.49296 | F118: =G90*F$113 -> -0.2918 | G118: =SUM(C118:F118) -> 3.5824968 | I118: =H90*I$113 -> -0.47025 | J118: =I90*J$113 -> -0.85033983 | K118: =K90*K$113 -> 1.184 | L118: =L90*L$113 -> 0.005 | M118: =SUM(I118:L118) -> -0.13158983 | O118: =G118+M118 -> 3.4509069
B119: Stephen Curry | C119: =C91*C$113 -> 1.43318 | D119: =D91*D$113 -> 4.6585476 | E119: =F91*E$113 -> 0.78052 | F119: =G91*F$113 -> -0.2918 | G119: =SUM(C119:F119) -> 6.5804476 | I119: =H91*I$113 -> 1.7955 | J119: =I91*J$113 -> -0.00367263 | K119: =K91*K$113 -> 1.8648 | L119: =L91*L$113 -> 0.005 | M119: =SUM(I119:L119) -> 3.6616274 | O119: =G119+M119 -> 10.242075
B120: Kevon Looney | C120: =C92*C$113 -> 1.01311 | D120: =D92*D$113 -> 0.54496267 | E120: =F92*E$113 -> 0.73944 | F120: =G92*F$113 -> -0.2918 | G120: =SUM(C120:F120) -> 2.0057127 | I120: =H92*I$113 -> -1.4535 | J120: =I92*J$113 -> 2.2725987 | K120: =K92*K$113 -> 0.74 | L120: =L92*L$113 -> 0.005 | M120: =SUM(I120:L120) -> 1.5640987 | O120: =G120+M120 -> 3.5698114
B121: Otto Porter Jr. | C121: =C93*C$113 -> -0.14826 | D121: =D93*D$113 -> 1.5547621 | E121: =F93*E$113 -> 0.18486 | F121: =G93*F$113 -> -0.2918 | G121: =SUM(C121:F121) -> 1.2995621 | I121: =H93*I$113 -> 0.9405 | J121: =I93*J$113 -> 1.060872 | K121: =K93*K$113 -> 1.7464 | L121: =L93*L$113 -> 0.005 | M121: =SUM(I121:L121) -> 3.752772 | O121: =G121+M121 -> 5.0523341
B122: Draymond Green | C122: =C94*C$113 -> -0.76601 | D122: =D94*D$113 -> 0.37834929 | E122: =F94*E$113 -> -0.14378 | F122: =G94*F$113 -> -0.2918 | G122: =SUM(C122:F122) -> -0.82324071 | I122: =H94*I$113 -> 1.83825 | J122: =I94*J$113 -> 2.034905 | K122: =K94*K$113 -> 2.1608 | L122: =L94*L$113 -> 0.005 | M122: =SUM(I122:L122) -> 6.038955 | O122: =G122+M122 -> 5.2157143
B123: Damion Lee | C123: =C95*C$113 -> -0.39536 | D123: =D95*D$113 -> 0.66743376 | E123: =F95*E$113 -> 0.04108 | F123: =G95*F$113 -> -0.2918 | G123: =SUM(C123:F123) -> 0.02135376 | I123: =H95*I$113 -> -1.15425 | J123: =I95*J$113 -> -0.42536153 | K123: =K95*K$113 -> 0.7696 | L123: =L95*L$113 -> 0.005 | M123: =SUM(I123:L123) -> -0.80501153 | O123: =G123+M123 -> -0.78365777
B124: Gary Payton II | C124: =C96*C$113 -> 0.4942 | D124: =D96*D$113 -> 1.9675105 | E124: =F96*E$113 -> 0.55458 | F124: =G96*F$113 -> -0.2918 | G124: =SUM(C124:F124) -> 2.7244905 | I124: =H96*I$113 -> 1.66725 | J124: =I96*J$113 -> 1.6726604 | K124: =K96*K$113 -> 2.1016 | L124: =L96*L$113 -> 0.005 | M124: =SUM(I124:L124) -> 5.4465104 | O124: =G124+M124 -> 8.1710009
B125: Jonathan Kuminga | C125: =C97*C$113 -> -0.29652 | D125: =D97*D$113 -> 1.3642774 | E125: =F97*E$113 -> 0.1027 | F125: =G97*F$113 -> -0.2918 | G125: =SUM(C125:F125) -> 0.87865742 | I125: =H97*I$113 -> -1.75275 | J125: =I97*J$113 -> -0.35551962 | K125: =K97*K$113 -> 0.4736 | L125: =L97*L$113 -> 0.005 | M125: =SUM(I125:L125) -> -1.6296696 | O125: =G125+M125 -> -0.7510122
B126: Nemanja Bjelica | C126: =C98*C$113 -> -0.46949 | D126: =D98*D$113 -> 0.72663497 | E126: =F98*E$113 -> 0 | F126: =G98*F$113 -> -0.2918 | G126: =SUM(C126:F126) -> -0.03465503 | I126: =H98*I$113 -> 0.2565 | J126: =I98*J$113 -> 0.40459302 | K126: =K98*K$113 -> 1.4504 | L126: =L98*L$113 -> 0.005 | M126: =SUM(I126:L126) -> 2.116493 | O126: =G126+M126 -> 2.081838
B127: Juan Toscano-Anderson | C127: =C99*C$113 -> 0.32123 | D127: =D99*D$113 -> -0.10724033 | E127: =F99*E$113 -> 0.47242 | F127: =G99*F$113 -> -0.2918 | G127: =SUM(C127:F127) -> 0.39460967 | I127: =H99*I$113 -> -1.15425 | J127: =I99*J$113 -> 0.4081638 | K127: =K99*K$113 -> 0.7104 | L127: =L99*L$113 -> 0.005 | M127: =SUM(I127:L127) -> -0.030686197 | O127: =G127+M127 -> 0.36392347
B128: Klay Thompson | C128: =C100*C$113 -> 0.29652 | D128: =D100*D$113 -> 3.3118808 | E128: =F100*E$113 -> 0.45188 | F128: =G100*F$113 -> -0.2918 | G128: =SUM(C128:F128) -> 3.7684808 | I128: =H100*I$113 -> -1.71 | J128: =I100*J$113 -> -0.41993757 | K128: =K100*K$113 -> 0.4144 | L128: =L100*L$113 -> 0.005 | M128: =SUM(I128:L128) -> -1.7105376 | O128: =G128+M128 -> 2.0579433
... B133: Jeff Dowtin | C133: =C105*C$113 -> 0.61775 | D133: =D105*D$113 -> -0.84722199 | E133: =F105*E$113 -> 0.78052 | F133: =G105*F$113 -> -0.2918 | G133: =SUM(C133:F133) -> 0.25924801 | I133: =H105*I$113 -> 0.342 | J133: =I105*J$113 -> -0.06962904 | K133: =K105*K$113 -> 7.252 | L133: =L105*L$113 -> 0.005 | M133: =SUM(I133:L133) -> 7.529371 | O133: =G133+M133 -> 7.788619
B135: Player Wins
B136: Player | C136: Total O-PIPM | D136: Total D-PIPM | E136: Win % | F136: Minutes Played | G136: Wins Above Replacement | H136: Adjusted Wins Above Replacement
B137: Andrew Wiggins | C137: =G117 -> 1.5002056 | D137: =M117 -> 2.4217937 | E137: =(($C$107+C137)^$C$156)/((($C$107+C137)^$C$156)+(($C$108-D137)^$C$156)) -> 0.62048861 | F137: 2331 | G137: =(F137/$C$157)*(E137-$C$158) -> 9.4448534 | H137: =G137*$C$161 -> 6.7529739
...

Sheet Playoffs Season
B2: Raw Player Data Per 36 Minutes
B3: Player | C3: G | D3: GS | E3: 3PA | F3: 2PA | G3: FTA | H3: TRB | I3: AST | J3: STL | K3: BLK | L3: TOV | M3: PF | N3: PTS
B4: Andrew Wiggins | C4: 22 | D4: 22 | E4: 4.9 | F4: 9.4 | G4: 3.1 | H4: 7.7 | I4: 1.9 | J4: 1 | K4: 1.1 | L4: 1.4 | M4: 2.5 | N4: 17
B5: Jordan Poole | C5: 22 | D5: 5 | E5: 7.6 | F5: 7.5 | G5: 4.2 | H5: 3.7 | I5: 4.9 | J5: 1 | K5: 0.5 | L5: 3.1 | M5: 3.7 | N5: 22.2
B6: Stephen Curry | C6: 22 | D6: 18 | E6: 10.8 | F6: 9.9 | G6: 6.1 | H6: 5.4 | I6: 6.1 | J6: 1.4 | K6: 0.4 | L6: 2.7 | M6: 2.8 | N6: 28.4
B7: Kevon Looney | C7: 22 | D7: 13 | E7: 0 | F7: 7.1 | G7: 1.4 | H7: 13.5 | I7: 3.9 | J7: 0.7 | K7: 0.8 | L7: 1.5 | M7: 4 | N7: 10.2
B8: Otto Porter Jr. | C8: 19 | D8: 3 | E8: 4.6 | F8: 2.9 | G8: 0.9 | H8: 6.3 | I8: 3.3 | J8: 1.6 | K8: 0.6 | L8: 1.2 | M8: 3.3 | N8: 9.9
B9: Draymond Green | C9: 22 | D9: 22 | E9: 2 | F9: 5.4 | G9: 2.4 | H9: 8.1 | I9: 7.1 | J9: 1.3 | K9: 1.1 | L9: 3 | M9: 4.5 | N9: 9
B10: Damion Lee | C10: 16 | D10: 0 | E10: 4.6 | F10: 5.2 | G10: 0.9 | H10: 7.5 | I10: 2 | J10: 0.3 | K10: 0 | L10: 1.7 | M10: 2.3 | N10: 9.3
B11: Gary Payton II | C11: 12 | D11: 2 | E11: 2.7 | F11: 5.1 | G11: 3.2 | H11: 6.6 | I11: 2.8 | J11: 2.5 | K11: 1.2 | L11: 1.1 | M11: 4.1 | N11: 13.8
B12: Jonathan Kuminga | C12: 16 | D12: 3 | E12: 3.4 | F12: 12.3 | G12: 6.8 | H12: 7 | I12: 2.1 | J12: 0.8 | K12: 0.5 | L12: 2.9 | M12: 2.9 | N12: 21.7
B13: Nemanja Bjelica | C13: 15 | D13: 0 | E13: 1.9 | F13: 6.2 | G13: 1.7 | H13: 7.4 | I13: 4.1 | J13: 1 | K13: 0.5 | L13: 1.7 | M13: 5 | N13: 10.3
B14: Juan Toscano-Anderson | C14: 14 | D14: 0 | E14: 3.7 | F14: 3.7 | G14: 2.2 | H14: 7.3 | I14: 5.9 | J14: 1.5 | K14: 0.7 | L14: 5.9 | M14: 2.2 | N14: 8.1
B15: Klay Thompson | C15: 22 | D15: 22 | E15: 9.1 | F15: 7.6 | G15: 1.4 | H15: 3.9 | I15: 2.3 | J15: 1.1 | K15: 0.7 | L15: 1.3 | M15: 2.1 | N15: 19
... B20: Jeff Dowtin | C20: 0 | D20: 0 | E20: 0 | F20: 0 | G20: 0 | H20: 0 | I20: 0 | J20: 0 | K20: 0 | L20: 0 | M20: 0 | N20: 0
B22: Coefficients | C22: (GS/G)^2 | D22: PTS/36 | E22: TRB/36 | F22: AST/36 | G22: STL/36 | H22: BLK/36 | I22: TOV/36 | J22: PF/36 | K22: FTA/36 | L22: 2PA/36 | M22: 3PA/36 | N22: Intercept
B23: OPI Box | C23: 0.632 | D23: 1.144 | E23: 0.143 | F23: 0.705 | G23: 0.597 | H23: -0.013 | I23: -1.695 | J23: -0.059 | K23: -0.308 | L23: -0.91 | M23: -0.612 | N23: -5.621
B24: DPI Box | C24: 1.924 | D24: 0.049 | E24: 0.259 | F24: 0.192 | G24: 1.694 | H24: 1.393 | I24: -0.874 | J24: 0.251 | K24: 0.055 | L24: -0.191 | M24: -0.138 | N24: -3.521
B26: Sorted Player Data Per 36 Minutes
B27: Player | C27: (GS/G)^2 | D27: PTS/36 | E27: TRB/36 | F27: AST/36 | G27: STL/36 | H27: BLK/36 | I27: TOV/36 | J27: PF/36 | K27: FTA/36 | L27: 2PA/36 | M27: 3PA/36 | N27: Intercept
B28: Andrew Wiggins | C28: =(D4/C4)^2 -> 1 | D28: =N4 -> 17 | E28: =H4 -> 7.7 | F28: =I4 -> 1.9 | G28: =J4 -> 1 | H28: =K4 -> 1.1 | I28: =L4 -> 1.4 | J28: =M4 -> 2.5 | K28: =G4 -> 3.1 | L28: =F4 -> 9.4 | M28: =E4 -> 4.9 | N28: 1
B29: Jordan Poole | C29: =(D5/C5)^2 -> 0.051652893 | D29: =N5 -> 22.2 | E29: =H5 -> 3.7 | F29: =I5 -> 4.9 | G29: =J5 -> 1 | H29: =K5 -> 0.5 | I29: =L5 -> 3.1 | J29: =M5 -> 3.7 | K29: =G5 -> 4.2 | L29: =F5 -> 7.5 | M29: =E5 -> 7.6 | N29: 1
B30: Stephen Curry | C30: =(D6/C6)^2 -> 0.66942149 | D30: =N6 -> 28.4 | E30: =H6 -> 5.4 | F30: =I6 -> 6.1 | G30: =J6 -> 1.4 | H30: =K6 -> 0.4 | I30: =L6 -> 2.7 | J30: =M6 -> 2.8 | K30: =G6 -> 6.1 | L30: =F6 -> 9.9 | M30: =E6 -> 10.8 | N30: 1
B31: Kevon Looney | C31: =(D7/C7)^2 -> 0.34917355 | D31: =N7 -> 10.2 | E31: =H7 -> 13.5 | F31: =I7 -> 3.9 | G31: =J7 -> 0.7 | H31: =K7 -> 0.8 | I31: =L7 -> 1.5 | J31: =M7 -> 4 | K31: =G7 -> 1.4 | L31: =F7 -> 7.1 | M31: =E7 -> 0 | N31: 1
B32: Otto Porter Jr. | C32: =(D8/C8)^2 -> 0.024930748 | D32: =N8 -> 9.9 | E32: =H8 -> 6.3 | F32: =I8 -> 3.3 | G32: =J8 -> 1.6 | H32: =K8 -> 0.6 | I32: =L8 -> 1.2 | J32: =M8 -> 3.3 | K32: =G8 -> 0.9 | L32: =F8 -> 2.9 | M32: =E8 -> 4.6 | N32: 1
B33: Draymond Green | C33: =(D9/C9)^2 -> 1 | D33: =N9 -> 9 | E33: =H9 -> 8.1 | F33: =I9 -> 7.1 | G33: =J9 -> 1.3 | H33: =K9 -> 1.1 | I33: =L9 -> 3 | J33: =M9 -> 4.5 | K33: =G9 -> 2.4 | L33: =F9 -> 5.4 | M33: =E9 -> 2 | N33: 1
B34: Damion Lee | C34: =(D10/C10)^2 -> 0 | D34: =N10 -> 9.3 | E34: =H10 -> 7.5 | F34: =I10 -> 2 | G34: =J10 -> 0.3 | H34: =K10 -> 0 | I34: =L10 -> 1.7 | J34: =M10 -> 2.3 | K34: =G10 -> 0.9 | L34: =F10 -> 5.2 | M34: =E10 -> 4.6 | N34: 1
B35: Gary Payton II | C35: =(D11/C11)^2 -> 0.027777778 | D35: =N11 -> 13.8 | E35: =H11 -> 6.6 | F35: =I11 -> 2.8 | G35: =J11 -> 2.5 | H35: =K11 -> 1.2 | I35: =L11 -> 1.1 | J35: =M11 -> 4.1 | K35: =G11 -> 3.2 | L35: =F11 -> 5.1 | M35: =E11 -> 2.7 | N35: 1
B36: Jonathan Kuminga | C36: =(D12/C12)^2 -> 0.03515625 | D36: =N12 -> 21.7 | E36: =H12 -> 7 | F36: =I12 -> 2.1 | G36: =J12 -> 0.8 | H36: =K12 -> 0.5 | I36: =L12 -> 2.9 | J36: =M12 -> 2.9 | K36: =G12 -> 6.8 | L36: =F12 -> 12.3 | M36: =E12 -> 3.4 | N36: 1
B37: Nemanja Bjelica | C37: =(D13/C13)^2 -> 0 | D37: =N13 -> 10.3 | E37: =H13 -> 7.4 | F37: =I13 -> 4.1 | G37: =J13 -> 1 | H37: =K13 -> 0.5 | I37: =L13 -> 1.7 | J37: =M13 -> 5 | K37: =G13 -> 1.7 | L37: =F13 -> 6.2 | M37: =E13 -> 1.9 | N37: 1
B38: Juan Toscano-Anderson | C38: =(D14/C14)^2 -> 0 | D38: =N14 -> 8.1 | E38: =H14 -> 7.3 | F38: =I14 -> 5.9 | G38: =J14 -> 1.5 | H38: =K14 -> 0.7 | I38: =L14 -> 5.9 | J38: =M14 -> 2.2 | K38: =G14 -> 2.2 | L38: =F14 -> 3.7 | M38: =E14 -> 3.7 | N38: 1
B39: Klay Thompson | C39: =(D15/C15)^2 -> 1 | D39: =N15 -> 19 | E39: =H15 -> 3.9 | F39: =I15 -> 2.3 | G39: =J15 -> 1.1 | H39: =K15 -> 0.7 | I39: =L15 -> 1.3 | J39: =M15 -> 2.1 | K39: =G15 -> 1.4 | L39: =F15 -> 7.6 | M39: =E15 -> 9.1 | N39: 1
... B41: Andre Iguodala | C41: =(D17/C17)^2 -> 0 | D41: =N17 -> 6.5 | E41: =H17 -> 4.1 | F41: =I17 -> 7.1 | G41: =J17 -> 0 | H41: =K17 -> 1.2 | I41: =L17 -> 2.4 | J41: =M17 -> 6.5 | K41: =G17 -> 1.8 | L41: =F17 -> 3.5 | M41: =E17 -> 1.8 | N41: 1
B42: Chris Chiozza | C42: 0 | D42: =N18 -> 0 | E42: =H18 -> 0 | F42: =I18 -> 0 | G42: =J18 -> 0 | H42: =K18 -> 0 | I42: =L18 -> 0 | J42: =M18 -> 0 | K42: =G18 -> 0 | L42: =F18 -> 0 | M42: =E18 -> 0 | N42: 0
B43: Quinndary Weatherspoon | C43: 0 | D43: =N19 -> 0 | E43: =H19 -> 0 | F43: =I19 -> 0 | G43: =J19 -> 0 | H43: =K19 -> 0 | I43: =L19 -> 0 | J43: =M19 -> 0 | K43: =G19 -> 0 | L43: =F19 -> 0 | M43: =E19 -> 0 | N43: 0
B44: Jeff Dowtin | C44: 0 | D44: =N20 -> 0 | E44: =H20 -> 0 | F44: =I20 -> 0 | G44: =J20 -> 0 | H44: =K20 -> 0 | I44: =L20 -> 0 | J44: =M20 -> 0 | K44: =G20 -> 0 | L44: =F20 -> 0 | M44: =E20 -> 0 | N44: 0
B46: O-PIPM Box
B47: Player | C47: (GS/G)^2 | D47: PTS/36 | E47: TRB/36 | F47: AST/36 | G47: STL/36 | H47: BLK/36 | I47: TOV/36 | J47: PF/36 | K47: FTA/36 | L47: 2PA/36 | M47: 3PA/36 | N47: Intercept | O47: O-PIPM Box Measures
B48: Andrew Wiggins | C48: =C$23*C28 -> 0.632 | D48: =D$23*D28 -> 19.448 | E48: =E$23*E28 -> 1.1011 | F48: =F$23*F28 -> 1.3395 | G48: =G$23*G28 -> 0.597 | H48: =H$23*H28 -> -0.0143 | I48: =I$23*I28 -> -2.373 | J48: =J$23*J28 -> -0.1475 | ... N48: =N$23*N28 -> -5.621 | O48: =SUM(C48:N48) -> 2.4542
B49: Jordan Poole | C49: =C$23*C29 -> 0.032644628 | D49: =D$23*D29 -> 25.3968 | E49: =E$23*E29 -> 0.5291 | F49: =F$23*F29 -> 3.4545 | G49: =G$23*G29 -> 0.597 | H49: =H$23*H29 -> -0.0065 | I49: =I$23*I29 -> -5.2545 | J49: =J$23*J29 -> -0.2183 | ... N49: =N$23*N29 -> -5.621 | O49: =SUM(C49:N49) -> 6.1399446
B50: Stephen Curry | C50: =C$23*C30 -> 0.42307438 | D50: =D$23*D30 -> 32.4896 | E50: =E$23*E30 -> 0.7722 | F50: =F$23*F30 -> 4.3005 | G50: =G$23*G30 -> 0.8358 | H50: =H$23*H30 -> -0.0052 | I50: =I$23*I30 -> -4.5765 | J50: =J$23*J30 -> -0.1652 | ... N50: =N$23*N30 -> -5.621 | O50: =SUM(C50:N50) -> 10.955874
B51: Kevon Looney | C51: =C$23*C31 -> 0.22067769 | D51: =D$23*D31 -> 11.6688 | E51: =E$23*E31 -> 1.9305 | F51: =F$23*F31 -> 2.7495 | G51: =G$23*G31 -> 0.4179 | H51: =H$23*H31 -> -0.0104 | I51: =I$23*I31 -> -2.5425 | J51: =J$23*J31 -> -0.236 | ... N51: =N$23*N31 -> -5.621 | O51: =SUM(C51:N51) -> 1.6852777
B52: Otto Porter Jr. | C52: =C$23*C32 -> 0.015756233 | D52: =D$23*D32 -> 11.3256 | E52: =E$23*E32 -> 0.9009 | F52: =F$23*F32 -> 2.3265 | G52: =G$23*G32 -> 0.9552 | H52: =H$23*H32 -> -0.0078 | I52: =I$23*I32 -> -2.034 | J52: =J$23*J32 -> -0.1947 | ... N52: =N$23*N32 -> -5.621 | O52: =SUM(C52:N52) -> 1.9350562
B53: Draymond Green | C53: =C$23*C33 -> 0.632 | D53: =D$23*D33 -> 10.296 | E53: =E$23*E33 -> 1.1583 | F53: =F$23*F33 -> 5.0055 | G53: =G$23*G33 -> 0.7761 | H53: =H$23*H33 -> -0.0143 | I53: =I$23*I33 -> -5.085 | J53: =J$23*J33 -> -0.2655 | ... N53: =N$23*N33 -> -5.621 | O53: =SUM(C53:N53) -> 0.0049
B54: Damion Lee | C54: =C$23*C34 -> 0 | D54: =D$23*D34 -> 10.6392 | E54: =E$23*E34 -> 1.0725 | F54: =F$23*F34 -> 1.41 | G54: =G$23*G34 -> 0.1791 | H54: =H$23*H34 -> 0 | I54: =I$23*I34 -> -2.8815 | J54: =J$23*J34 -> -0.1357 | ... N54: =N$23*N34 -> -5.621 | O54: =SUM(C54:N54) -> -3.1618
B55: Gary Payton II | C55: =C$23*C35 -> 0.017555556 | D55: =D$23*D35 -> 15.7872 | E55: =E$23*E35 -> 0.9438 | F55: =F$23*F35 -> 1.974 | G55: =G$23*G35 -> 1.4925 | H55: =H$23*H35 -> -0.0156 | I55: =I$23*I35 -> -1.8645 | J55: =J$23*J35 -> -0.2419 | ... N55: =N$23*N35 -> -5.621 | O55: =SUM(C55:N55) -> 5.1930556
B56: Jonathan Kuminga | C56: =C$23*C36 -> 0.02221875 | D56: =D$23*D36 -> 24.8248 | E56: =E$23*E36 -> 1.001 | F56: =F$23*F36 -> 1.4805 | G56: =G$23*G36 -> 0.4776 | H56: =H$23*H36 -> -0.0065 | I56: =I$23*I36 -> -4.9155 | J56: =J$23*J36 -> -0.1711 | ... N56: =N$23*N36 -> -5.621 | O56: =SUM(C56:N56) -> 1.7238187
B57: Nemanja Bjelica | C57: =C$23*C37 -> 0 | D57: =D$23*D37 -> 11.7832 | E57: =E$23*E37 -> 1.0582 | F57: =F$23*F37 -> 2.8905 | G57: =G$23*G37 -> 0.597 | H57: =H$23*H37 -> -0.0065 | I57: =I$23*I37 -> -2.8815 | J57: =J$23*J37 -> -0.295 | ... N57: =N$23*N37 -> -5.621 | O57: =SUM(C57:N57) -> 0.1965
B58: Juan Toscano-Anderson | C58: =C$23*C38 -> 0 | D58: =D$23*D38 -> 9.2664 | E58: =E$23*E38 -> 1.0439 | F58: =F$23*F38 -> 4.1595 | G58: =G$23*G38 -> 0.8955 | H58: =H$23*H38 -> -0.0091 | I58: =I$23*I38 -> -10.0005 | J58: =J$23*J38 -> -0.1298 | ... N58: =N$23*N38 -> -5.621 | O58: =SUM(C58:N58) -> -6.7041
B59: Klay Thompson | C59: =C$23*C39 -> 0.632 | D59: =D$23*D39 -> 21.736 | E59: =E$23*E39 -> 0.5577 | F59: =F$23*F39 -> 1.6215 | G59: =G$23*G39 -> 0.6567 | H59: =H$23*H39 -> -0.0091 | I59: =I$23*I39 -> -2.2035 | J59: =J$23*J39 -> -0.1239 | ... N59: =N$23*N39 -> -5.621 | O59: =SUM(C59:N59) -> 4.33
... B64: Jeff Dowtin | C64: =C$23*C44 -> 0 | D64: =D$23*D44 -> 0 | E64: =E$23*E44 -> 0 | F64: =F$23*F44 -> 0 | G64: =G$23*G44 -> 0 | H64: =H$23*H44 -> 0 | I64: =I$23*I44 -> 0 | J64: =J$23*J44 -> 0 | ... N64: =N$23*N44 -> 0 | O64: =SUM(C64:N64) -> 0
B66: D-PIPM Box
B67: Player | C67: (GS/G)^2 | D67: PTS/36 | E67: TRB/36 | F67: AST/36 | G67: STL/36 | H67: BLK/36 | I67: TOV/36 | J67: PF/36 | K67: FTA/36 | L67: 2PA/36 | M67: 3PA/36 | N67: Intercept | O67: D-PIPM Box Total
B68: Andrew Wiggins | C68: =C$24*C28 -> 1.924 | D68: =D$24*D28 -> 0.833 | E68: =E$24*E28 -> 1.9943 | F68: =F$24*F28 -> 0.3648 | G68: =G$24*G28 -> 1.694 | H68: =H$24*H28 -> 1.5323 | I68: =I$24*I28 -> -1.2236 | J68: =J$24*J28 -> 0.6275 | ... N68: =N$24*N28 -> -3.521 | O68: =SUM(C68:N68) -> 1.9242
B69: Jordan Poole | C69: =C$24*C29 -> 0.099380165 | D69: =D$24*D29 -> 1.0878 | E69: =E$24*E29 -> 0.9583 | F69: =F$24*F29 -> 0.9408 | G69: =G$24*G29 -> 1.694 | H69: =H$24*H29 -> 0.6965 | I69: =I$24*I29 -> -2.7094 | J69: =J$24*J29 -> 0.9287 | ... N69: =N$24*N29 -> -3.521 | O69: =SUM(C69:N69) -> -2.0752198
B70: Stephen Curry | C70: =C$24*C30 -> 1.2879669 | D70: =D$24*D30 -> 1.3916 | E70: =E$24*E30 -> 1.3986 | F70: =F$24*F30 -> 1.1712 | G70: =G$24*G30 -> 2.3716 | H70: =H$24*H30 -> 0.5572 | I70: =I$24*I30 -> -2.3598 | J70: =J$24*J30 -> 0.7028 | ... N70: =N$24*N30 -> -3.521 | O70: =SUM(C70:N70) -> -0.045633058
B71: Kevon Looney | C71: =C$24*C31 -> 0.67180992 | D71: =D$24*D31 -> 0.4998 | E71: =E$24*E31 -> 3.4965 | F71: =F$24*F31 -> 0.7488 | G71: =G$24*G31 -> 1.1858 | H71: =H$24*H31 -> 1.1144 | I71: =I$24*I31 -> -1.311 | J71: =J$24*J31 -> 1.004 | ... N71: =N$24*N31 -> -3.521 | O71: =SUM(C71:N71) -> 2.6100099
B72: Otto Porter Jr. | C72: =C$24*C32 -> 0.047966759 | D72: =D$24*D32 -> 0.4851 | E72: =E$24*E32 -> 1.6317 | F72: =F$24*F32 -> 0.6336 | G72: =G$24*G32 -> 2.7104 | H72: =H$24*H32 -> 0.8358 | I72: =I$24*I32 -> -1.0488 | J72: =J$24*J32 -> 0.8283 | ... N72: =N$24*N32 -> -3.521 | O72: =SUM(C72:N72) -> 1.4638668
B73: Draymond Green | C73: =C$24*C33 -> 1.924 | D73: =D$24*D33 -> 0.441 | E73: =E$24*E33 -> 2.0979 | F73: =F$24*F33 -> 1.3632 | G73: =G$24*G33 -> 2.2022 | H73: =H$24*H33 -> 1.5323 | I73: =I$24*I33 -> -2.622 | J73: =J$24*J33 -> 1.1295 | ... N73: =N$24*N33 -> -3.521 | O73: =SUM(C73:N73) -> 3.3717
B74: Damion Lee | C74: =C$24*C34 -> 0 | D74: =D$24*D34 -> 0.4557 | E74: =E$24*E34 -> 1.9425 | F74: =F$24*F34 -> 0.384 | G74: =G$24*G34 -> 0.5082 | H74: =H$24*H34 -> 0 | I74: =I$24*I34 -> -1.4858 | J74: =J$24*J34 -> 0.5773 | ... N74: =N$24*N34 -> -3.521 | O74: =SUM(C74:N74) -> -2.7176
B75: Gary Payton II | C75: =C$24*C35 -> 0.053444444 | D75: =D$24*D35 -> 0.6762 | E75: =E$24*E35 -> 1.7094 | F75: =F$24*F35 -> 0.5376 | G75: =G$24*G35 -> 4.235 | H75: =H$24*H35 -> 1.6716 | I75: =I$24*I35 -> -0.9614 | J75: =J$24*J35 -> 1.0291 | ... N75: =N$24*N35 -> -3.521 | O75: =SUM(C75:N75) -> 4.2592444
B76: Jonathan Kuminga | C76: =C$24*C36 -> 0.067640625 | D76: =D$24*D36 -> 1.0633 | E76: =E$24*E36 -> 1.813 | F76: =F$24*F36 -> 0.4032 | G76: =G$24*G36 -> 1.3552 | H76: =H$24*H36 -> 0.6965 | I76: =I$24*I36 -> -2.5346 | J76: =J$24*J36 -> 0.7279 | ... N76: =N$24*N36 -> -3.521 | O76: =SUM(C76:N76) -> -2.3733594
B77: Nemanja Bjelica | C77: =C$24*C37 -> 0 | D77: =D$24*D37 -> 0.5047 | E77: =E$24*E37 -> 1.9166 | F77: =F$24*F37 -> 0.7872 | G77: =G$24*G37 -> 1.694 | H77: =H$24*H37 -> 0.6965 | I77: =I$24*I37 -> -1.4858 | J77: =J$24*J37 -> 1.255 | ... N77: =N$24*N37 -> -3.521 | O77: =SUM(C77:N77) -> 0.4943
B78: Juan Toscano-Anderson | C78: =C$24*C38 -> 0 | D78: =D$24*D38 -> 0.3969 | E78: =E$24*E38 -> 1.8907 | F78: =F$24*F38 -> 1.1328 | G78: =G$24*G38 -> 2.541 | H78: =H$24*H38 -> 0.9751 | I78: =I$24*I38 -> -5.1566 | J78: =J$24*J38 -> 0.5522 | ... N78: =N$24*N38 -> -3.521 | O78: =SUM(C78:N78) -> -2.2852
B79: Klay Thompson | C79: =C$24*C39 -> 1.924 | D79: =D$24*D39 -> 0.931 | E79: =E$24*E39 -> 1.0101 | F79: =F$24*F39 -> 0.4416 | G79: =G$24*G39 -> 1.8634 | H79: =H$24*H39 -> 0.9751 | I79: =I$24*I39 -> -1.1362 | J79: =J$24*J39 -> 0.5271 | ... N79: =N$24*N39 -> -3.521 | O79: =SUM(C79:N79) -> 0.3847
... B84: Jeff Dowtin | C84: =C$24*C44 -> 0 | D84: =D$24*D44 -> 0 | E84: =E$24*E44 -> 0 | F84: =F$24*F44 -> 0 | G84: =G$24*G44 -> 0 | H84: =H$24*H44 -> 0 | I84: =I$24*I44 -> 0 | J84: =J$24*J44 -> 0 | ... N84: =N$24*N44 -> 0 | O84: =SUM(C84:N84) -> 0
B87: PIPM Stat
B88: Player | C88: O-On/Off | D88: O-Box | E88: Ortg | F88: O-On court | G88: Constant | H88: D-On/Off | I88: D-Box | J88: Drtg | K88: D-On court | L88: Constant
B89: Andrew Wiggins | C89: 9.4 | D89: =O48 -> 2.4542 | E89: 118.5 | F89: =E89-$C$107 -> 6.5 | G89: 1 | H89: 3.8 | I89: =O68 -> 1.9242 | J89: 109.5 | K89: =$C$108-J89 -> 2.5 | L89: 1
B90: Jordan Poole | C90: -1.8 | D90: =O49 -> 6.1399446 | E90: 115.2 | F90: =E90-$C$107 -> 3.2 | G90: 1 | H90: -3.6 | I90: =O69 -> -2.0752198 | J90: 112.1 | K90: =$C$108-J90 -> -0.1 | L90: 1
B91: Stephen Curry | C91: 6.8 | D91: =O50 -> 10.955874 | E91: 117.7 | F91: =E91-$C$107 -> 5.7 | G91: 1 | H91: -0.3 | I91: =O70 -> -0.045633058 | J91: 110.6 | K91: =$C$108-J91 -> 1.4 | L91: 1
B92: Kevon Looney | C92: 2.5 | D92: =O51 -> 1.6852777 | E92: 117.4 | F92: =E92-$C$107 -> 5.4 | G92: 1 | H92: 2.2 | I92: =O71 -> 2.6100099 | J92: 109.3 | K92: =$C$108-J92 -> 2.7 | L92: 1
B93: Otto Porter Jr. | C93: 10.1 | D93: =O52 -> 1.9350562 | E93: 122.5 | F93: =E93-$C$107 -> 10.5 | G93: 1 | H93: 0.5 | I93: =O72 -> 1.4638668 | J93: 110.2 | K93: =$C$108-J93 -> 1.8 | L93: 1
B94: Draymond Green | C94: 4.7 | D94: =O53 -> 0.0049 | E94: 117.5 | F94: =E94-$C$107 -> 5.5 | G94: 1 | H94: 5.9 | I94: =O73 -> 3.3717 | J94: 108.6 | K94: =$C$108-J94 -> 3.4 | L94: 1
B95: Damion Lee | C95: -15.4 | D95: =O54 -> -3.1618 | E95: 102.4 | F95: =E95-$C$107 -> -9.6 | G95: 1 | H95: -1.1 | I95: =O74 -> -2.7176 | J95: 111.5 | K95: =$C$108-J95 -> 0.5 | L95: 1
B96: Gary Payton II | C96: 0.6 | D96: =O55 -> 5.1930556 | E96: 116.4 | F96: =E96-$C$107 -> 4.4 | G96: 1 | H96: 11.2 | I96: =O75 -> 4.2592444 | J96: 101.5 | K96: =$C$108-J96 -> 10.5 | L96: 1
B97: Jonathan Kuminga | C97: -18.8 | D97: =O56 -> 1.7238187 | E97: 99.7 | F97: =E97-$C$107 -> -12.3 | G97: 1 | H97: -0.1 | I97: =O76 -> -2.3733594 | J97: 110.6 | K97: =$C$108-J97 -> 1.4 | L97: 1
B98: Nemanja Bjelica | C98: -11.1 | D98: =O57 -> 0.1965 | E98: 106.4 | F98: =E98-$C$107 -> -5.6 | G98: 1 | H98: -2.3 | I98: =O77 -> 0.4943 | J98: 112.5 | K98: =$C$108-J98 -> -0.5 | L98: 1
B99: Juan Toscano-Anderson | C99: -29.7 | D99: =O58 -> -6.7041 | E99: 87.6 | F99: =E99-$C$107 -> -24.4 | G99: 1 | H99: 1.9 | I99: =O78 -> -2.2852 | J99: 108.7 | K99: =$C$108-J99 -> 3.3 | L99: 1
B100: Klay Thompson | C100: -2.3 | D100: =O59 -> 4.33 | E100: 115.3 | F100: =E100-$C$107 -> 3.3 | G100: 1 | H100: -9.4 | I100: =O79 -> 0.3847 | J100: 112.9 | K100: =$C$108-J100 -> -0.9 | L100: 1
... B102: Andre Iguodala | C102: -0.4 | D102: =O61 -> -1.9013 | E102: 115.5 | F102: =E102-$C$107 -> 3.5 | G102: 1 | H102: -15.8 | I102: =O81 -> -0.3898 | J102: 125.4 | K102: =$C$108-J102 -> -13.4 | L102: 1
B103: Chris Chiozza | C103: 0 | D103: 0 | E103: 0 | F103: 0 | G103: 0 | H103: 0 | I103: 0 | J103: 0 | K103: 0 | L103: 0
B104: Quinndary Weatherspoon | C104: 0 | D104: 0 | E104: 0 | F104: 0 | G104: 0 | H104: 0 | I104: 0 | J104: 0 | K104: 0 | L104: 0
B105: Jeff Dowtin | C105: 0 | D105: 0 | E105: 0 | F105: 0 | G105: 0 | H105: 0 | I105: 0 | J105: 0 | K105: 0 | L105: 0
B107: League Average of ORTG | C107: 112
B108: League Average of DRTG | C108: 112
B112: Coefficients | C112: O-On/Off | D112: O-Box | E112: O-On court | F112: Constant | I112: D-On/Off | J112: D-Box | K112: D-On court | L112: Constant
B113: Values | C113: 0.2471 | D113: 0.4789 | E113: 0.2054 | F113: -0.2918 | I113: 0.4275 | J113: 0.5031 | K113: 0.296 | L113: 0.005
B115: Stat x Coefficient
B116: Player | C116: O-On/Off | D116: O-Box | E116: O-On court | F116: Constant | G116: Total O-PIPM | I116: D-On/Off | J116: D-Box | K116: D-On court | L116: Constant | M116: Total D-PIPM | O116: Total PIPM
B117: Andrew Wiggins | C117: =C89*C$113 -> 2.32274 | D117: =D89*D$113 -> 1.1753164 | E117: =F89*E$113 -> 1.3351 | F117: =G89*F$113 -> -0.2918 | G117: =SUM(C117:F117) -> 4.5413564 | I117: =H89*I$113 -> 1.6245 | J117: =I89*J$113 -> 0.96806502 | K117: =K89*K$113 -> 0.74 | L117: =L89*L$113 -> 0.005 | M117: =SUM(I117:L117) -> 3.337565 | O117: =G117+M117 -> 7.8789214
B118: Jordan Poole | C118: =C90*C$113 -> -0.44478 | D118: =D90*D$113 -> 2.9404195 | E118: =F90*E$113 -> 0.65728 | F118: =G90*F$113 -> -0.2918 | G118: =SUM(C118:F118) -> 2.8611195 | I118: =H90*I$113 -> -1.539 | J118: =I90*J$113 -> -1.0440431 | K118: =K90*K$113 -> -0.0296 | L118: =L90*L$113 -> 0.005 | M118: =SUM(I118:L118) -> -2.6076431 | O118: =G118+M118 -> 0.25347638
B119: Stephen Curry | C119: =C91*C$113 -> 1.68028 | D119: =D91*D$113 -> 5.2467682 | E119: =F91*E$113 -> 1.17078 | F119: =G91*F$113 -> -0.2918 | G119: =SUM(C119:F119) -> 7.8060282 | I119: =H91*I$113 -> -0.12825 | J119: =I91*J$113 -> -0.022957991 | K119: =K91*K$113 -> 0.4144 | L119: =L91*L$113 -> 0.005 | M119: =SUM(I119:L119) -> 0.26819201 | O119: =G119+M119 -> 8.0742202
B120: Kevon Looney | C120: =C92*C$113 -> 0.61775 | D120: =D92*D$113 -> 0.80707948 | E120: =F92*E$113 -> 1.10916 | F120: =G92*F$113 -> -0.2918 | G120: =SUM(C120:F120) -> 2.2421895 | I120: =H92*I$113 -> 0.9405 | J120: =I92*J$113 -> 1.313096 | K120: =K92*K$113 -> 0.7992 | L120: =L92*L$113 -> 0.005 | M120: =SUM(I120:L120) -> 3.057796 | O120: =G120+M120 -> 5.2999855
B121: Otto Porter Jr. | C121: =C93*C$113 -> 2.49571 | D121: =D93*D$113 -> 0.92669843 | E121: =F93*E$113 -> 2.1567 | F121: =G93*F$113 -> -0.2918 | G121: =SUM(C121:F121) -> 5.2873084 | I121: =H93*I$113 -> 0.21375 | J121: =I93*J$113 -> 0.73647137 | K121: =K93*K$113 -> 0.5328 | L121: =L93*L$113 -> 0.005 | M121: =SUM(I121:L121) -> 1.4880214 | O121: =G121+M121 -> 6.7753298
B122: Draymond Green | C122: =C94*C$113 -> 1.16137 | D122: =D94*D$113 -> 0.00234661 | E122: =F94*E$113 -> 1.1297 | F122: =G94*F$113 -> -0.2918 | G122: =SUM(C122:F122) -> 2.0016166 | I122: =H94*I$113 -> 2.52225 | J122: =I94*J$113 -> 1.6963023 | K122: =K94*K$113 -> 1.0064 | L122: =L94*L$113 -> 0.005 | M122: =SUM(I122:L122) -> 5.2299523 | O122: =G122+M122 -> 7.2315689
B123: Damion Lee | C123: =C95*C$113 -> -3.80534 | D123: =D95*D$113 -> -1.514186 | E123: =F95*E$113 -> -1.97184 | F123: =G95*F$113 -> -0.2918 | G123: =SUM(C123:F123) -> -7.583166 | I123: =H95*I$113 -> -0.47025 | J123: =I95*J$113 -> -1.3672246 | K123: =K95*K$113 -> 0.148 | L123: =L95*L$113 -> 0.005 | M123: =SUM(I123:L123) -> -1.6844746 | O123: =G123+M123 -> -9.2676406
B124: Gary Payton II | C124: =C96*C$113 -> 0.14826 | D124: =D96*D$113 -> 2.4869543 | E124: =F96*E$113 -> 0.90376 | F124: =G96*F$113 -> -0.2918 | G124: =SUM(C124:F124) -> 3.2471743 | I124: =H96*I$113 -> 4.788 | J124: =I96*J$113 -> 2.1428259 | K124: =K96*K$113 -> 3.108 | L124: =L96*L$113 -> 0.005 | M124: =SUM(I124:L124) -> 10.043826 | O124: =G124+M124 -> 13.291
B125: Jonathan Kuminga | C125: =C97*C$113 -> -4.64548 | D125: =D97*D$113 -> 0.8255368 | E125: =F97*E$113 -> -2.52642 | F125: =G97*F$113 -> -0.2918 | G125: =SUM(C125:F125) -> -6.6381632 | I125: =H97*I$113 -> -0.04275 | J125: =I97*J$113 -> -1.1940371 | K125: =K97*K$113 -> 0.4144 | L125: =L97*L$113 -> 0.005 | M125: =SUM(I125:L125) -> -0.8173871 | O125: =G125+M125 -> -7.4555503
B126: Nemanja Bjelica | C126: =C98*C$113 -> -2.74281 | D126: =D98*D$113 -> 0.09410385 | E126: =F98*E$113 -> -1.15024 | F126: =G98*F$113 -> -0.2918 | G126: =SUM(C126:F126) -> -4.0907461 | I126: =H98*I$113 -> -0.98325 | J126: =I98*J$113 -> 0.24868233 | K126: =K98*K$113 -> -0.148 | L126: =L98*L$113 -> 0.005 | M126: =SUM(I126:L126) -> -0.87756767 | O126: =G126+M126 -> -4.9683138
...
